HP,Starter,Mains_Protection,Contactor_Main,Contactor_Delta,Contactor_Star,Overload Relay,HRC_Fuse,Circuit_Breaker,Timer,Fuse_Disconnector_Switch
0.5,DOL,CB,LC1E09,NULL,NULL,LRE06,NULL,CVS100-MA,NULL,NULL
0.75,DOL,CB,LC1E09,NULL,NULL,LRE07,NULL,CVS100-MA,NULL,NULL
1,DOL,CB,LC1E09,NULL,NULL,LRE07,NULL,CVS100-MA,NULL,NULL
1.5,DOL,CB,LC1E09,NULL,NULL,LRE08,NULL,CVS100-MA,NULL,NULL
1.75,DOL,CB,LC1E09,NULL,NULL,LRE08,NULL,CVS100-MA,NULL,NULL
2,DOL,CB,LC1E09,NULL,NULL,LRE08,NULL,CVS100-MA,NULL,NULL
3,DOL,CB,LC1E18,NULL,NULL,LRE10,NULL,CVS100-MA,NULL,NULL
4,DOL,CB,LC1E18,NULL,NULL,LRE10,NULL,CVS100-MA,NULL,NULL
5,DOL,CB,LC1E25,NULL,NULL,LRE14,NULL,CVS100-MA,NULL,NULL
5.5,DOL,CB,LC1E25,NULL,NULL,LRE14,NULL,CVS100-MA,NULL,NULL
7.5,DOL,CB,LC1E32,NULL,NULL,LRE16,NULL,CVS100-MA,NULL,NULL
10,DOL,CB,LC1E32,NULL,NULL,LRE21,NULL,CVS100-MA,NULL,NULL
12.5,DOL,CB,LC1E32,NULL,NULL,LRE21,NULL,CVS100-MA,NULL,NULL
15,DOL,CB,LC1E40B,NULL,NULL,LRE22,NULL,CVS100-MA,NULL,NULL
17.5,DOL,CB,LC1E40B,NULL,NULL,LRE22,NULL,CVS100-MA,NULL,NULL
20,DOL,CB,LC1E50,NULL,NULL,LRE353,NULL,CVS100-MA,NULL,NULL
25,DOL,CB,LC1E65,NULL,NULL,LRE355,NULL,CVS100-MA,NULL,NULL
30,DOL,CB,LC1E65,NULL,NULL,LRE357,NULL,CVS100-MA,NULL,NULL
0.16,DOL,Fuse,LC1E09,NULL,NULL,LRE04,4NHG000B,NULL,NULL,NX032
0.25,DOL,Fuse,LC1E09,NULL,NULL,LRE04,4NHG000B,NULL,NULL,NX032
0.33,DOL,Fuse,LC1E09,NULL,NULL,LRE05,4NHG000B,NULL,NULL,NX032
0.5,DOL,Fuse,LC1E09,NULL,NULL,LRE06,4NHG000B,NULL,NULL,NX032
0.75,DOL,Fuse,LC1E09,NULL,NULL,LRE06,4NHG000B,NULL,NULL,NX032
1,DOL,Fuse,LC1E09,NULL,NULL,LRE07,6NHG000B,NULL,NULL,NX032
1.5,DOL,Fuse,LC1E09,NULL,NULL,LRE08,10NHG000B,NULL,NULL,NX032
1.75,DOL,Fuse,LC1E09,NULL,NULL,LRE08,10NHG000B,NULL,NULL,NX032
2,DOL,Fuse,LC1E09,NULL,NULL,LRE08,10NHG000B,NULL,NULL,NX032
3,DOL,Fuse,LC1E09,NULL,NULL,LRE10,16NHG000B,NULL,NULL,NX032
4,DOL,Fuse,LC1E09,NULL,NULL,LRE12,20NHG000B,NULL,NULL,NX032
5,DOL,Fuse,LC1E09,NULL,NULL,LRE14,20NHG000B,NULL,NULL,NX032
5.5,DOL,Fuse,LC1E09,NULL,NULL,LRE14,20NHG000B,NULL,NULL,NX032
7.5,DOL,Fuse,LC1E12,NULL,NULL,LRE16,25NHG000B,NULL,NULL,NX032
10,DOL,Fuse,LC1E18,NULL,NULL,LRE21,32NHG000B,NULL,NULL,NX063
12.5,DOL,Fuse,LC1E25,NULL,NULL,LRE22,50NHG000B,NULL,NULL,NX063
15,DOL,Fuse,LC1E25,NULL,NULL,LRE22,50NHG000B,NULL,NULL,NX063
17.5,DOL,Fuse,LC1E32,NULL,NULL,LRE32,50NHG000B,NULL,NULL,NX063
20,DOL,Fuse,LC1E32,NULL,NULL,LRE32,63NHG000B,NULL,NULL,NX063
25,DOL,Fuse,LC1E40,NULL,NULL,LRE355,80NHG000B,NULL,NULL,NX080
30,DOL,Fuse,LC1E50,NULL,NULL,LRE357,80NHG000B,NULL,NULL,NX080
5,StarDelta,CB,LC1E09,LC1E09,LC1E09,LRE10,NULL,CVS100-MA,MSMI06,NULL
5.5,StarDelta,CB,LC1E09,LC1E09,LC1E09,LRE10,NULL,CVS100-MA,MSMI06,NULL
7.5,StarDelta,CB,LC1E12,LC1E12,LC1E09,LRE12,NULL,CVS100-MA,MSMI06,NULL
10,StarDelta,CB,LC1E18,LC1E18,LC1E09,LRE14,NULL,CVS100-MA,MSMI06,NULL
12.5,StarDelta,CB,LC1E25,LC1E25,LC1E12,LRE14,NULL,CVS100-MA,MSMI06,NULL
15,StarDelta,CB,LC1E25,LC1E25,LC1E12,LRE16,NULL,CVS100-MA,MSMI06,NULL
18,StarDelta,CB,LC1E32,LC1E32,LC1E12,LRE21,NULL,CVS100-MA,MSMI06,NULL
20,StarDelta,CB,LC1E32,LC1E32,LC1E18,LRE21,NULL,CVS100-MA,MSMI06,NULL
25,StarDelta,CB,LC1E40B,LC1E40B,LC1E25,LRE22,NULL,CVS100-MA,MSMI06,NULL
30,StarDelta,CB,LC1E40,LC1E40,LC1E32,LRE353,NULL,CVS100-MA,MSMI06,NULL
40,StarDelta,CB,LC1E50,LC1E50,LC1E38,LRE355,NULL,CVS100-MA,MSMI06,NULL
50,StarDelta,CB,LC1E65,LC1E65,LC1E40,LRE355,NULL,CVS100-MA,MSMI06,NULL
60,StarDelta,CB,LC1E80,LC1E80,LC1E50,LRE357,NULL,CVS250-MA,MSMI06,NULL
75,StarDelta,CB,LC1E95,LC1E95,LC1E65,LRE359,NULL,CVS250-MA,MSMI06,NULL
100,StarDelta,CB,LC1E120,LC1E120,LC1E80,LRE481,NULL,CVS250-MA,MSMI06,NULL
5,StarDelta,Fuse,LC1E09,LC1E09,LC1E09,LRE10,10NHG000B,NULL,MSMI06,NX032
5.5,StarDelta,Fuse,LC1E09,LC1E09,LC1E09,LRE10,16NHG000B,NULL,MSMI06,NX032
7.5,StarDelta,Fuse,LC1E09,LC1E09,LC1E09,LRE12,16NHG000B,NULL,MSMI06,NX032
10,StarDelta,Fuse,LC1E09,LC1E09,LC1E09,LRE14,20NHG000B,NULL,`,NX032
12.5,StarDelta,Fuse,LC1E12,LC1E12,LC1E09,LRE14,20NHG000B,NULL,MSMI06,NX032
15,StarDelta,Fuse,LC1E18,LC1E18,LC1E09,LRE16,32NHG000B,NULL,MSMI06,NX032
20,StarDelta,Fuse,LC1E18,LC1E18,LC1E09,LRE21,40NHG000B,NULL,MSMI06,NX063
25,StarDelta,Fuse,LC1E25,LC1E25,LC1E09,LRE22,40NHG000B,NULL,MSMI06,NX063
30,StarDelta,Fuse,LC1E25,LC1E25,LC1E25,LRE32,50NHG000B,NULL,MSMI06,NX063
40,StarDelta,Fuse,LC1E40,LC1E40,LC1E25,LRE355,63NHG000B,NULL,MSMI06,NX063
50,StarDelta,Fuse,LC1E50,LC1E50,LC1E32,LRE355,80NHG000B,NULL,MSMI06,NX080
60,StarDelta,Fuse,LC1E50,LC1E50,LC1E32,LRE357,100NHG00B,NULL,MSMI06,NX125
75,StarDelta,Fuse,LC1E65,LC1E65,LC1E40,LRE359,125NHG00B,NULL,MSMI06,NX125
100,StarDelta,Fuse,LC1E80,LC1E80,LC1E65,LRE363,160NHG00B,NULL,MSMI06,NX160
